country,region_name,scenario,period,stress_index,yield_loss_pct,volume_at_risk_mt,annual_mt,sourcing_pct,scenario_name,year,risk_bucket,supply_shock_pct,price_increase_pct,elasticity_multiplier,adjusted_coffee_price_usd_kg,cost_green_coffee_usd,cost_green_coffee_adjusted_usd,profit_at_risk_usd,cost_green_M,cost_green_adjusted_M,profit_at_risk_M,pct_of_total_volume,cumulative_cost,cumulative_pct
Indonesia,Sumatra Aceh,ssp585,mid_term,0.3806209955457598,0.23546574665931982,1624.7136519493067,6900,4.0,Current Policies,2050,Moderate Risk (20–40%),0.009446009604356435,0.007556807683485148,1.007556807683485,3.5264488268921976,5686497.781822573,5729469.551952371,33510663.672414895,5.686497781822573,5.729469551952372,33.51066367241489,0.9446009604356435,33.51066367241489,19.106585039386196
Colombia,Antioquia,ssp585,mid_term,0.1720769786334131,0.08603848931670655,808.7617995770415,9400,5.5,Current Policies,2050,Low Risk (<20%),0.004702103485913032,0.0037616827887304257,1.0037616827887303,3.513165889760556,2830666.2985196454,2841314.3672154257,16681182.326625077,2.8306662985196454,2.8413143672154257,16.681182326625077,0.47021034859130323,50.19184599903997,28.617600153763966
Brazil,Minas Gerais Sul,ssp585,mid_term,0.10649537971187965,0.05324768985593983,729.4933510263756,13700,8.0,Current Policies,2050,Low Risk (<20%),0.004241240412944045,0.003392992330355236,1.0033929923303553,3.5118754731562434,2553226.7285923148,2561889.8073000866,15046224.488960296,2.553226728592315,2.5618898073000866,15.046224488960297,0.42412404129440445,65.23807048800026,37.196420631039764
Brazil,São Paulo,ssp585,mid_term,0.16380172175655025,0.08190086087827513,565.1159400600984,6900,4.0,Current Policies,2050,Low Risk (<20%),0.003285557791047084,0.002628446232837667,1.0026284462328376,3.5091995618149316,1977905.7902103444,1983104.6092335305,11655844.819518637,1.9779057902103443,1.9831046092335305,11.655844819518636,0.3285557791047084,76.8939153075189,43.84216756183975
Vietnam,Central Highlands,ssp585,mid_term,0.32701369911711664,0.1952602743378375,507.67671327837746,2600,1.5,Current Policies,2050,Low Risk (<20%),0.0029516087981301016,0.0023612870385040815,1.0023612870385041,3.5082645046347647,1776868.4964743212,1781064.1930241724,10471127.372246351,1.7768684964743213,1.7810641930241724,10.47112737224635,0.29516087981301015,87.36504267976525,49.81243086524188
Indonesia,Java West,ssp585,mid_term,0.26396414009667934,0.1479731050725095,503.10855724653226,3400,2.0,Current Policies,2050,Low Risk (<20%),0.002925049751433327,0.0023400398011466615,1.0023400398011466,3.508190139304013,1760879.9503628628,1765000.4795317529,10376906.498184873,1.7608799503628627,1.7650004795317529,10.376906498184873,0.2925049751433327,97.74194917795012,55.728972787284945
Mexico,Chiapas,ssp585,mid_term,0.11821915599383648,0.05910957799691824,407.85608817873583,6900,4.0,Current Policies,2050,Low Risk (<20%),0.002371256326620557,0.0018970050612964456,1.0018970050612965,3.5066395177145377,1427496.3086255754,1430204.2763480202,8412268.94431909,1.4274963086255754,1.4302042763480203,8.41226894431909,0.2371256326620557,106.15421812226921,60.52534845832631
Brazil,Espírito Santo,ssp585,mid_term,0.14498574463411934,0.07249287231705967,376.9629360487103,5200,3.0,Current Policies,2050,Low Risk (<20%),0.002191644977027385,0.0017533159816219082,1.0017533159816219,3.5061366059356764,1319370.276170486,1321683.5491613725,7775079.720502353,1.319370276170486,1.3216835491613725,7.775079720502354,0.21916449770273852,113.92929784277156,64.95842156365164
Costa Rica,West Valley,ssp585,mid_term,0.11180347496513263,0.05590173748256631,335.41042489539785,6000,3.5,Current Policies,2050,Low Risk (<20%),0.0019500606098569642,0.0015600484878855714,1.0015600484878855,3.5054601697075993,1173936.4871338925,1175767.8849755193,6918035.019528568,1.1739364871338924,1.1757678849755193,6.918035019528568,0.19500606098569642,120.84733286230014,68.90283835283275
China,Yunnan Pu er,ssp585,mid_term,0.1808785361754708,0.0904392680877354,307.4935114983004,3400,2.0,Current Policies,2050,Low Risk (<20%),0.001787752973827328,0.0014302023790618624,1.0014302023790618,3.505005708326716,1076227.2902440515,1077766.5130749696,6342232.449949831,1.0762272902440515,1.0777665130749696,6.34223244994983,0.1787752973827328,127.18956531224997,72.51895305677016
Costa Rica,Tarrazú,ssp585,mid_term,0.08698393242247403,0.043491966211237014,300.09456685753537,6900,4.0,Current Policies,2050,Low Risk (<20%),0.00174473585382288,0.0013957886830583042,1.0013957886830582,3.504885260390704,1050330.9840013739,1051797.0241023083,6189624.915022051,1.050330984001374,1.0517970241023082,6.189624915022051,0.17447358538228802,133.37919022727203,76.04805638808149
Guatemala,Antigua,ssp585,mid_term,0.0681984852062073,0.03409924260310365,235.2847739614152,6900,4.0,Current Policies,2050,Low Risk (<20%),0.0013679347323338094,0.0010943477858670475,1.0010943477858671,3.503830217250535,823496.7088649531,824397.9006649684,4852885.256427423,0.8234967088649532,0.8243979006649684,4.852885256427423,0.13679347323338092,138.23207548369945,78.81499845000909
Guatemala,Huehuetenango,ssp585,mid_term,0.05013938304461772,0.02506969152230886,215.5993470918562,8600,5.0,Current Policies,2050,Low Risk (<20%),0.0012534845761154431,0.0010027876608923545,1.0010027876608925,3.5035097568131235,754597.7148214967,755354.4160988573,4446861.882227147,0.7545977148214967,0.7553544160988573,4.446861882227147,0.1253484576115443,142.6789373659266,81.35044046756359
Mexico,Veracruz,ssp585,mid_term,0.12426899647331446,0.06213449823665723,211.2572940046346,3400,2.0,Current Policies,2050,Low Risk (<20%),0.001228240081422294,0.0009825920651378352,1.0009825920651378,3.5034390722279825,739400.5290162211,740127.0581089911,4357304.512853731,0.7394005290162211,0.7401270581089912,4.357304512853731,0.12282400814222941,147.03624187878034,83.83482006777643
Guatemala,Atitlán,ssp585,mid_term,0.05954848520620726,0.02977424260310363,178.64545561862178,6000,3.5,Current Policies,2050,Low Risk (<20%),0.001038636369875708,0.0008309090959005665,1.0008309090959007,3.5029081818356524,625259.0946651762,625778.6281342282,3684666.3857710627,0.6252590946651763,0.6257786281342281,3.6846663857710626,0.10386363698757081,150.7209082645514,85.9356854021582
Kenya,Central Highlands,ssp585,mid_term,0.06898057910846546,0.03449028955423273,175.90047672658693,5100,3.0,Current Policies,2050,Low Risk (<20%),0.0010226771902708542,0.0008181417522166835,1.0008181417522166,3.502863496132758,615651.6685430543,616155.3588779111,3628049.6002048836,0.6156516685430543,0.6161553588779111,3.6280496002048834,0.10226771902708542,154.3489578647563,88.00426986503436
Colombia,Tolima,ssp585,mid_term,0.05685532104773444,0.02842766052386722,170.56596314320333,6000,3.5,Current Policies,2050,Low Risk (<20%),0.000991662576413973,0.0007933300611311783,1.0007933300611311,3.502776655213959,596980.8710012116,597454.4738720971,3518022.1560862106,0.5969808710012116,0.597454473872097,3.518022156086211,0.09916625764139729,157.8669800208425,90.01012060415408
Honduras,Copán,ssp585,mid_term,0.09721331064566038,0.04860665532283019,150.6806315007736,3100,1.8,Current Policies,2050,Low Risk (<20%),0.0008760501831440325,0.000700840146515226,1.0007008401465152,3.502452940512803,527382.2102527076,527751.8208782106,3107875.6297217705,0.5273822102527076,0.5277518208782106,3.1078756297217707,0.08760501831440325,160.97485565056428,91.78212042461708
Peru,Cajamarca,ssp585,mid_term,0.06038152063882444,0.03019076031941222,129.82026937347254,4300,2.5,Current Policies,2050,Low Risk (<20%),0.0007547690079853054,0.0006038152063882443,1.0006038152063883,3.502113353222359,454370.9428071539,454645.29889176186,2677618.5327286706,0.4543709428071539,0.45464529889176186,2.677618532728671,0.07547690079853055,163.65247418329295,93.30880299643168
Colombia,Cauca,ssp585,mid_term,0.05680606544110924,0.02840303272055462,122.13304069838487,4300,2.5,Current Policies,2050,Low Risk (<20%),0.0007100758180138655,0.0005680606544110925,1.0005680606544112,3.5019882122904393,427465.6424443471,427708.46885693236,2519064.97198599,0.4274656424443471,0.42770846885693237,2.51906497198599,0.07100758180138655,166.17153915527894,94.74508398380614
Colombia,Huila,ssp585,mid_term,0.02080606544110924,0.01040303272055462,107.15123702171259,10300,6.0,Current Policies,2050,Low Risk (<20%),0.0006229723082657708,0.0004983778466126166,1.0004983778466126,3.5017443224631437,375029.32957599405,375216.23588568467,2210056.560803649,0.37502932957599405,0.37521623588568465,2.210056560803649,0.06229723082657708,168.3815957160826,96.00517939801925
Tanzania,Kilimanjaro,ssp585,mid_term,0.048808042408665646,0.024404021204332823,82.9736720947316,3400,2.0,Current Policies,2050,Low Risk (<20%),0.000482405070318207,0.0003859240562545656,1.0003859240562545,3.501350734196891,290407.85233156057,290519.9277079005,1711380.2274608712,0.2904078523315606,0.2905199277079005,1.7113802274608712,0.0482405070318207,170.09297594354345,96.98094735565664
Kenya,Rift Valley,ssp585,mid_term,0.050299657772605616,0.025149828886302808,65.3895551043873,2600,1.5,Current Policies,2050,Low Risk (<20%),0.0003801718320022517,0.00030413746560180137,1.0003041374656019,3.5010644811296068,228863.44286535555,228933.04881283754,1348697.5912111886,0.22886344286535557,0.22893304881283755,1.3486975912111885,0.03801718320022517,171.44167353475464,97.74992661165699
Ethiopia,Yirgacheffe,ssp585,mid_term,0.018180509084602822,0.009090254542301411,54.54152725380847,6000,3.5,Current Policies,2050,Low Risk (<20%),0.00031710190263842134,0.0002536815221107371,1.0002536815221108,3.500887885327388,190895.34538832965,190943.77201011163,1124950.7098000639,0.19089534538832964,0.19094377201011162,1.124950709800064,0.031710190263842135,172.5666242445547,98.39133337733695
Rwanda,Northern Province,ssp585,mid_term,0.02994632866652682,0.01497316433326341,50.908758733095596,3400,2.0,Current Policies,2050,Low Risk (<20%),0.0002959811554249744,0.00023678492433997953,1.0002367849243399,3.5008287472351896,178180.65556583458,178222.84605888155,1050022.7469856394,0.17818065556583457,0.17822284605888156,1.0500227469856394,0.029598115542497437,173.61664699154034,98.99001889143753
Ethiopia,Sidamo,ssp585,mid_term,0.017180509084602818,0.008590254542301409,36.938094531896056,4300,2.5,Current Policies,2050,Low Risk (<20%),0.0002147563635575352,0.00017180509084602818,1.0001718050908461,3.5006013178179614,129283.3308616362,129305.54239603977,761869.6753567122,0.1292833308616362,0.12930554239603978,0.7618696753567122,0.02147563635575352,174.37851666689704,99.42440980304204
Ethiopia,Harrar,ssp585,mid_term,0.020132103840704074,0.010066051920352037,26.171734992915297,2600,1.5,Current Policies,2050,Low Risk (<20%),0.00015216124995880986,0.0001217289999670479,1.000121728999967,3.500426051499885,91601.07247520355,91612.22298215187,539807.250353874,0.09160107247520355,0.09161222298215187,0.539807250353874,0.015216124995880986,174.91832391725092,99.73218864128252
Ethiopia,Kaffa,ssp585,mid_term,0.052960770569648555,0.026480385284824277,22.77313134494888,860,0.5,Current Policies,2050,Low Risk (<20%),0.0001324019264241214,0.00010592154113929713,1.0001059215411392,3.5003707253939873,79705.95970732108,79714.40228541127,469709.07418221317,0.07970595970732107,0.07971440228541127,0.4697090741822132,0.01324019264241214,175.38803299143314,100.0
